CustomerID,RecommendedProduct
200001.0,Deluxe
200003.0,Deluxe
200004.0,Deluxe
200005.0,Deluxe
200006.0,Deluxe
200007.0,Deluxe
200008.0,Basic
200009.0,Basic
200010.0,Deluxe
200011.0,Basic
200012.0,Deluxe
200013.0,Deluxe
200015.0,Basic
200016.0,Deluxe
200017.0,Standard
200018.0,King
200019.0,King
200020.0,Basic
200022.0,King
200023.0,Basic
200025.0,King
200027.0,Basic
200028.0,King
200029.0,King
200030.0,Basic
200031.0,Basic
200032.0,Basic
200035.0,Basic
200037.0,Deluxe
200038.0,King
200039.0,Standard
200040.0,Basic
200041.0,Deluxe
200043.0,King
200044.0,King
200046.0,Basic
200047.0,Basic
200048.0,Basic
200049.0,Basic
200052.0,Standard
200053.0,King
200054.0,Basic
200055.0,King
200056.0,King
200057.0,Standard
200058.0,Standard
200059.0,Standard
200060.0,Standard
200061.0,Basic
200062.0,King
200063.0,Deluxe
200064.0,King
200065.0,King
200066.0,Standard
200067.0,Standard
200068.0,Basic
200070.0,Basic
200071.0,Deluxe
200072.0,Deluxe
200073.0,Standard
200074.0,Basic
200075.0,Standard
200076.0,Standard
200077.0,Standard
200078.0,Standard
200079.0,Basic
200080.0,Deluxe
200081.0,King
200082.0,Standard
200083.0,Deluxe
200084.0,Standard
200085.0,Standard
200086.0,Basic
200087.0,Basic
200088.0,Standard
200090.0,Standard
200091.0,Basic
200092.0,Deluxe
200093.0,Standard
200094.0,Basic
200095.0,Standard
200096.0,Basic
200097.0,Standard
200098.0,Standard
200099.0,Basic
200101.0,King
200103.0,Deluxe
200104.0,Basic
200105.0,Standard
200106.0,Standard
200108.0,Deluxe
200109.0,Super Deluxe
200110.0,Basic
200112.0,Standard
200113.0,Deluxe
200114.0,Deluxe
200115.0,Basic
200116.0,Standard
200117.0,Standard
200118.0,Deluxe
200119.0,Standard
200120.0,Basic
200121.0,Standard
200123.0,Standard
200125.0,Basic
200128.0,Basic
200129.0,Deluxe
200130.0,Deluxe
200131.0,Standard
200133.0,Basic
200134.0,Deluxe
200135.0,Deluxe
200137.0,Basic
200138.0,Basic
200139.0,Deluxe
200141.0,Deluxe
200142.0,Basic
200143.0,Basic
200144.0,Deluxe
200145.0,Deluxe
200146.0,Deluxe
200147.0,Standard
200148.0,Basic
200149.0,Basic
200150.0,Deluxe
200151.0,Deluxe
200152.0,Basic
200153.0,Deluxe
200154.0,Basic
200155.0,Basic
200156.0,Basic
200157.0,Deluxe
200158.0,Basic
200159.0,Deluxe
200160.0,Deluxe
200161.0,Basic
200162.0,Basic
200163.0,Basic
200164.0,Basic
200165.0,Standard
200166.0,Basic
200167.0,Basic
200168.0,Standard
200169.0,Deluxe
200170.0,Standard
200172.0,Basic
200173.0,Standard
200174.0,Deluxe
200175.0,Deluxe
200176.0,Basic
200178.0,Basic
200179.0,Basic
200180.0,Standard
200181.0,Basic
200183.0,Standard
200184.0,Deluxe
200185.0,Basic
200186.0,Standard
200187.0,Standard
200188.0,Standard
200189.0,Basic
200190.0,Standard
200191.0,Deluxe
200193.0,Basic
200194.0,Basic
200195.0,Basic
200196.0,Deluxe
200197.0,Deluxe
200198.0,Standard
200199.0,Deluxe
200200.0,Standard
200201.0,Deluxe
200202.0,Standard
200203.0,Basic
200206.0,Deluxe
200207.0,Basic
200208.0,Deluxe
200209.0,Deluxe
200211.0,Standard
200212.0,Standard
200213.0,Standard
200215.0,Basic
200218.0,Deluxe
200219.0,Deluxe
200220.0,Basic
200221.0,Deluxe
200222.0,Standard
200223.0,Standard
200224.0,Deluxe
200225.0,Basic
200226.0,Basic
200227.0,Basic
200228.0,Deluxe
200230.0,Deluxe
200231.0,Basic
200232.0,Basic
200233.0,Basic
200235.0,Standard
200237.0,Basic
200238.0,Basic
200240.0,Basic
200241.0,Basic
200242.0,Basic
200243.0,Basic
200244.0,Basic
200245.0,Standard
200246.0,Standard
200247.0,King
200248.0,Basic
200249.0,King
200251.0,Standard
200252.0,Basic
200253.0,Deluxe
200254.0,Deluxe
200255.0,Basic
200256.0,Basic
200257.0,Standard
200258.0,Basic
200260.0,Basic
200261.0,Standard
200262.0,Basic
200263.0,Standard
200265.0,King
200266.0,Deluxe
200267.0,Basic
200268.0,Deluxe
200269.0,Standard
200270.0,Standard
200272.0,Basic
200273.0,Basic
200274.0,Basic
200275.0,Standard
200276.0,Standard
200277.0,Super Deluxe
200278.0,Basic
200279.0,Standard
200280.0,Standard
200281.0,Deluxe
200282.0,Deluxe
200283.0,Super Deluxe
200284.0,Standard
200285.0,Basic
200287.0,Deluxe
200289.0,Standard
200290.0,Standard
200291.0,Basic
200292.0,Deluxe
200294.0,Basic
200295.0,Standard
200297.0,Deluxe
200298.0,Deluxe
200299.0,Deluxe
200300.0,Standard
200301.0,Basic
200302.0,Deluxe
200303.0,Basic
200304.0,Basic
200305.0,Super Deluxe
200306.0,Super Deluxe
200307.0,Deluxe
200308.0,Deluxe
200309.0,Standard
200310.0,Deluxe
200311.0,Deluxe
200312.0,Basic
200313.0,Basic
200314.0,Standard
200315.0,Deluxe
200316.0,Standard
200318.0,Deluxe
200319.0,Standard
200320.0,Standard
200321.0,Standard
200322.0,Standard
200324.0,Super Deluxe
200325.0,Standard
200326.0,Standard
200328.0,Deluxe
200329.0,Standard
200330.0,Deluxe
200331.0,Super Deluxe
200332.0,Basic
200333.0,Standard
200334.0,Standard
200335.0,Basic
200337.0,Deluxe
200338.0,Deluxe
200339.0,Standard
200340.0,Standard
200341.0,Basic
200342.0,Basic
200343.0,Standard
200344.0,King
200345.0,Basic
200346.0,Standard
200347.0,Deluxe
200348.0,Deluxe
200349.0,Basic
200350.0,Deluxe
200351.0,Basic
200352.0,Standard
200353.0,Deluxe
200354.0,Standard
200355.0,Standard
200356.0,Deluxe
200358.0,Deluxe
200359.0,Standard
200360.0,Deluxe
200361.0,Basic
200362.0,Deluxe
200364.0,Basic
200365.0,Deluxe
200367.0,Standard
200369.0,Basic
200371.0,Basic
200372.0,Standard
200373.0,King
200374.0,Basic
200375.0,Standard
200376.0,Standard
200377.0,Basic
200379.0,Basic
200380.0,Standard
200381.0,Deluxe
200383.0,Basic
200384.0,King
200386.0,Basic
200387.0,Standard
200388.0,Basic
200389.0,Standard
200390.0,Basic
200391.0,Deluxe
200392.0,Basic
200393.0,Standard
200394.0,Standard
200395.0,Basic
200396.0,Basic
200397.0,Standard
200398.0,Basic
200399.0,Basic
200400.0,Basic
200401.0,Standard
200402.0,Deluxe
200403.0,Basic
200404.0,Deluxe
200406.0,King
200407.0,Deluxe
200408.0,Basic
200409.0,Basic
200410.0,Basic
200411.0,Basic
200412.0,Basic
200413.0,Basic
200416.0,Basic
200417.0,Basic
200418.0,Deluxe
200419.0,Basic
200420.0,Standard
200423.0,Basic
200424.0,Deluxe
200425.0,Deluxe
200426.0,Deluxe
200427.0,King
200428.0,Basic
200429.0,Basic
200430.0,Basic
200431.0,Basic
200432.0,Deluxe
200433.0,Basic
200434.0,King
200437.0,Standard
200438.0,Super Deluxe
200441.0,Basic
200442.0,Standard
200444.0,Basic
200445.0,Standard
200446.0,Deluxe
200447.0,Standard
200448.0,Deluxe
200449.0,Basic
200450.0,Standard
200451.0,Deluxe
200452.0,Basic
200454.0,Basic
200455.0,Standard
200456.0,King
200458.0,Standard
200459.0,Standard
200460.0,King
200461.0,Standard
200462.0,Standard
200464.0,Standard
200465.0,Standard
200466.0,Standard
200467.0,King
200468.0,Standard
200470.0,Basic
200471.0,Basic
200472.0,Standard
200473.0,Standard
200474.0,Basic
200475.0,Standard
200476.0,Basic
200477.0,Standard
200478.0,Basic
200481.0,Standard
200483.0,Basic
200484.0,Standard
200485.0,Basic
200486.0,Basic
200487.0,Basic
200488.0,Deluxe
200489.0,Deluxe
200490.0,Deluxe
200491.0,Standard
200492.0,Deluxe
200493.0,Standard
200494.0,Basic
200496.0,Basic
200497.0,Standard
200498.0,Standard
200499.0,Standard
200500.0,Standard
200501.0,Basic
200502.0,Deluxe
200503.0,Deluxe
200505.0,Deluxe
200506.0,King
200507.0,Standard
200508.0,Basic
200509.0,Super Deluxe
200510.0,Basic
200511.0,Deluxe
200512.0,Basic
200515.0,Basic
200516.0,Deluxe
200517.0,Deluxe
200518.0,Super Deluxe
200519.0,Deluxe
200520.0,Standard
200521.0,Standard
200522.0,Basic
200523.0,Basic
200524.0,Super Deluxe
200526.0,Standard
200527.0,Deluxe
200529.0,Standard
200530.0,Standard
200531.0,Basic
200532.0,Deluxe
200533.0,Basic
200534.0,King
200535.0,Deluxe
200536.0,Basic
200537.0,Super Deluxe
200538.0,Deluxe
200539.0,Standard
200541.0,Basic
200542.0,Super Deluxe
200543.0,Basic
200544.0,King
200545.0,Standard
200546.0,Basic
200548.0,Deluxe
200549.0,Basic
200550.0,Basic
200551.0,Standard
200552.0,Basic
200553.0,Basic
200554.0,Standard
200555.0,Basic
200556.0,Basic
200557.0,Standard
200558.0,Standard
200559.0,Deluxe
200560.0,Deluxe
200561.0,King
200563.0,Basic
200564.0,Standard
200565.0,Deluxe
200567.0,Standard
200569.0,Super Deluxe
200570.0,King
200571.0,Standard
200572.0,Standard
200574.0,Super Deluxe
200575.0,Basic
200576.0,Standard
200577.0,Deluxe
200578.0,Basic
200579.0,King
200580.0,Basic
200581.0,King
200582.0,Super Deluxe
200583.0,Standard
200584.0,King
200586.0,Basic
200587.0,Deluxe
200588.0,King
200590.0,Basic
200592.0,Basic
200593.0,Standard
200594.0,Basic
200596.0,Deluxe
200597.0,Basic
200599.0,Basic
200600.0,Standard
200601.0,Basic
200602.0,Standard
200603.0,Basic
200604.0,Super Deluxe
200605.0,Standard
200606.0,Basic
200609.0,Basic
200610.0,Basic
200611.0,Super Deluxe
200612.0,Standard
200613.0,Super Deluxe
200615.0,Basic
200616.0,Basic
200617.0,Basic
200618.0,Standard
200619.0,Super Deluxe
200620.0,Basic
200621.0,Basic
200622.0,Super Deluxe
200623.0,Super Deluxe
200624.0,Deluxe
200625.0,Deluxe
200626.0,Super Deluxe
200627.0,Basic
200628.0,Deluxe
200629.0,Deluxe
200630.0,Standard
200631.0,Deluxe
200632.0,Basic
200633.0,Basic
200634.0,Standard
200635.0,Super Deluxe
200637.0,Deluxe
200638.0,Standard
200639.0,Super Deluxe
200640.0,Standard
200641.0,King
200642.0,Deluxe
200643.0,Basic
200644.0,Basic
200646.0,Deluxe
200647.0,Super Deluxe
200648.0,Basic
200649.0,Basic
200650.0,Standard
200651.0,Deluxe
200652.0,Standard
200653.0,Basic
200654.0,Standard
200655.0,Basic
200657.0,Deluxe
200658.0,Basic
200659.0,Standard
200661.0,Basic
200664.0,Basic
200665.0,Basic
200668.0,Basic
200670.0,Basic
200671.0,Basic
200672.0,Standard
200673.0,Basic
200674.0,Standard
200675.0,Basic
200676.0,Super Deluxe
200677.0,Standard
200678.0,Basic
200679.0,Standard
200680.0,Deluxe
200681.0,Deluxe
200682.0,Deluxe
200684.0,Super Deluxe
200685.0,Standard
200686.0,Deluxe
200687.0,Deluxe
200690.0,Standard
200691.0,Deluxe
200692.0,Standard
200694.0,Super Deluxe
200696.0,Super Deluxe
200697.0,Basic
200698.0,Deluxe
200699.0,King
200701.0,King
200702.0,Deluxe
200703.0,Basic
200704.0,Standard
200705.0,Standard
200707.0,Standard
200708.0,Standard
200710.0,King
200712.0,Deluxe
200713.0,Basic
200714.0,King
200715.0,Basic
200716.0,Basic
200717.0,Basic
200718.0,Basic
200719.0,Basic
200721.0,Deluxe
200722.0,Basic
200723.0,King
200724.0,Basic
200726.0,Basic
200727.0,Basic
200728.0,Super Deluxe
200729.0,Super Deluxe
200730.0,Standard
200733.0,Deluxe
200734.0,Basic
200735.0,Basic
200736.0,King
200737.0,Basic
200738.0,Standard
200739.0,Basic
200740.0,Basic
200741.0,King
200742.0,Basic
200743.0,Deluxe
200745.0,Standard
200746.0,King
200747.0,Deluxe
200750.0,Standard
200751.0,Basic
200753.0,Super Deluxe
200754.0,Basic
200755.0,Deluxe
200756.0,Standard
200757.0,Deluxe
200758.0,King
200759.0,Basic
200760.0,Standard
200763.0,Basic
200764.0,Basic
200765.0,Basic
200766.0,Deluxe
200767.0,Standard
200768.0,Standard
200769.0,Basic
200770.0,King
200771.0,Super Deluxe
200772.0,Basic
200773.0,Basic
200774.0,Deluxe
200775.0,Basic
200778.0,Deluxe
200781.0,Standard
200782.0,Deluxe
200783.0,Deluxe
200784.0,Standard
200785.0,Standard
200786.0,Standard
200787.0,Super Deluxe
200788.0,Basic
200790.0,Basic
200793.0,Basic
200794.0,Standard
200795.0,Standard
200799.0,Super Deluxe
200802.0,Standard
200803.0,Basic
200804.0,Super Deluxe
200805.0,Basic
200806.0,Deluxe
200807.0,Standard
200808.0,Basic
200809.0,King
200810.0,Super Deluxe
200811.0,Deluxe
200812.0,Standard
200814.0,Super Deluxe
200815.0,Basic
200816.0,Standard
200817.0,Basic
200818.0,Basic
200819.0,Basic
200820.0,Basic
200821.0,Super Deluxe
200822.0,Standard
200823.0,Deluxe
200824.0,Standard
200825.0,Deluxe
200826.0,Basic
200827.0,Basic
200830.0,Deluxe
200832.0,Standard
200833.0,Basic
200834.0,Standard
200835.0,Standard
200837.0,Super Deluxe
200839.0,Deluxe
200840.0,Basic
200841.0,Deluxe
200843.0,Standard
200844.0,Standard
200845.0,Standard
200846.0,Standard
200847.0,Deluxe
200848.0,Basic
200850.0,Super Deluxe
200851.0,Super Deluxe
200852.0,Basic
200853.0,Basic
200854.0,Standard
200855.0,Standard
200856.0,Basic
200858.0,Standard
200859.0,Basic
200861.0,Standard
200862.0,Basic
200863.0,Deluxe
200865.0,Standard
200866.0,Standard
200867.0,Standard
200868.0,Basic
200869.0,Standard
200870.0,Standard
200872.0,Deluxe
200873.0,Deluxe
200874.0,Deluxe
200875.0,Deluxe
200876.0,Basic
200877.0,Basic
200878.0,Deluxe
200879.0,Deluxe
200880.0,Basic
200881.0,Standard
200882.0,Basic
200883.0,Basic
200884.0,Basic
200885.0,Basic
200886.0,Deluxe
200887.0,Standard
200888.0,Basic
200889.0,Basic
200890.0,Standard
200891.0,Basic
200893.0,Super Deluxe
200894.0,King
200895.0,Standard
200896.0,Standard
200897.0,Deluxe
200898.0,Standard
200899.0,Standard
200900.0,Deluxe
200901.0,Basic
200902.0,Basic
200903.0,Deluxe
200904.0,King
200905.0,Super Deluxe
200906.0,Basic
200907.0,King
200908.0,King
200909.0,Basic
200910.0,Basic
200912.0,Deluxe
200914.0,Deluxe
200916.0,King
200917.0,Deluxe
200918.0,Standard
200919.0,Basic
200920.0,Standard
200921.0,Deluxe
200922.0,King
200923.0,Deluxe
200924.0,Deluxe
200925.0,Basic
200926.0,Standard
200927.0,Deluxe
200929.0,Standard
200930.0,Basic
200931.0,Standard
200933.0,Deluxe
200934.0,Basic
200935.0,Super Deluxe
200936.0,Super Deluxe
200937.0,Super Deluxe
200938.0,Basic
200941.0,Basic
200942.0,Standard
200943.0,Basic
200944.0,King
200945.0,Super Deluxe
200948.0,Basic
200949.0,Deluxe
200950.0,Standard
200951.0,Standard
200954.0,Super Deluxe
200955.0,Super Deluxe
200956.0,Super Deluxe
200957.0,Deluxe
200958.0,Standard
200959.0,Deluxe
200960.0,Standard
200961.0,Standard
200962.0,Deluxe
200963.0,Standard
200964.0,Deluxe
200965.0,Deluxe
200967.0,Basic
200968.0,Deluxe
200969.0,Basic
200970.0,Basic
200971.0,Standard
200972.0,Basic
200973.0,Standard
200974.0,Standard
200976.0,Super Deluxe
200977.0,Basic
200978.0,Basic
200979.0,Basic
200982.0,Basic
200983.0,King
200984.0,Basic
200986.0,Deluxe
200987.0,Standard
200988.0,Basic
200989.0,Basic
200990.0,Standard
200991.0,Deluxe
200992.0,Standard
200993.0,Standard
200994.0,Basic
200995.0,Deluxe
200996.0,Standard
200998.0,Deluxe
200999.0,Deluxe
201000.0,Basic
201001.0,Basic
201002.0,Super Deluxe
201003.0,Deluxe
201004.0,Basic
201005.0,Standard
201008.0,Deluxe
201009.0,Standard
201010.0,Super Deluxe
201011.0,Standard
201013.0,Basic
201014.0,Deluxe
201015.0,Deluxe
201017.0,Basic
201018.0,Deluxe
201019.0,Basic
201020.0,Deluxe
201022.0,Standard
201023.0,Basic
201024.0,Deluxe
201025.0,Basic
201026.0,King
201027.0,Basic
201028.0,Basic
201029.0,Basic
201030.0,Standard
201034.0,Standard
201035.0,Basic
201037.0,Basic
201038.0,Deluxe
201040.0,Basic
201041.0,Basic
201042.0,Basic
201043.0,Super Deluxe
201044.0,Deluxe
201045.0,Basic
201046.0,Basic
201047.0,Basic
201048.0,Deluxe
201049.0,Deluxe
201050.0,Basic
201051.0,Deluxe
201052.0,Basic
201053.0,Deluxe
201054.0,Standard
201055.0,Standard
201059.0,Basic
201061.0,Basic
201062.0,Super Deluxe
201063.0,Standard
201064.0,Basic
201065.0,Basic
201066.0,Basic
201067.0,Basic
201069.0,Basic
201070.0,Basic
201071.0,Deluxe
201072.0,Basic
201073.0,Super Deluxe
201074.0,Deluxe
201075.0,Standard
201076.0,Basic
201078.0,Basic
201079.0,Standard
201080.0,Standard
201081.0,Basic
201082.0,Basic
201084.0,Standard
201086.0,Basic
201087.0,Deluxe
201088.0,Deluxe
201089.0,Basic
201090.0,Standard
201091.0,Basic
201092.0,Basic
201093.0,Standard
201094.0,Basic
201095.0,Deluxe
201096.0,Basic
201097.0,Basic
201098.0,Basic
201099.0,Standard
201100.0,Basic
201101.0,Deluxe
201102.0,Deluxe
201103.0,Standard
201104.0,Deluxe
201105.0,Deluxe
201107.0,Deluxe
201108.0,Basic
201109.0,Basic
201113.0,Basic
201114.0,Basic
201115.0,Deluxe
201116.0,Super Deluxe
201117.0,Standard
201118.0,Basic
201119.0,Standard
201120.0,Standard
201121.0,Basic
201122.0,Deluxe
201123.0,Standard
201124.0,Basic
201125.0,Basic
201126.0,Standard
201127.0,Deluxe
201128.0,Basic
201129.0,Standard
201130.0,Basic
201131.0,Basic
201132.0,Basic
201133.0,Deluxe
201134.0,Deluxe
201135.0,Basic
201137.0,Basic
201138.0,Standard
201139.0,Deluxe
201140.0,Basic
201141.0,Basic
201142.0,Standard
201143.0,Standard
201144.0,Deluxe
201145.0,Basic
201146.0,Deluxe
201147.0,Basic
201148.0,Deluxe
201149.0,Standard
201150.0,Deluxe
201151.0,Deluxe
201152.0,Basic
201154.0,Basic
201155.0,Deluxe
201156.0,King
201157.0,Deluxe
201158.0,Basic
201159.0,Deluxe
201160.0,Standard
201161.0,Standard
201163.0,Standard
201164.0,Deluxe
201165.0,Basic
201166.0,Standard
201168.0,Deluxe
201169.0,Super Deluxe
201170.0,Standard
201172.0,Deluxe
201173.0,Deluxe
201174.0,Deluxe
201175.0,Deluxe
201176.0,Standard
201177.0,Standard
201178.0,Basic
201179.0,Deluxe
201180.0,Basic
201181.0,Standard
201182.0,Deluxe
201183.0,Deluxe
201184.0,Standard
201185.0,Standard
201187.0,Basic
201188.0,Basic
201189.0,Basic
201190.0,Deluxe
201191.0,Deluxe
201192.0,Basic
201193.0,Basic
201194.0,Standard
201195.0,Standard
201196.0,Basic
201197.0,Basic
201198.0,Deluxe
201199.0,Deluxe
201200.0,Deluxe
201202.0,Basic
201203.0,Basic
201206.0,Basic
201207.0,Basic
201208.0,Basic
201209.0,Standard
201210.0,Basic
201211.0,Basic
201212.0,Basic
201214.0,Standard
201215.0,Deluxe
201216.0,Standard
201217.0,Standard
201218.0,Deluxe
201219.0,Basic
201220.0,Basic
201221.0,Deluxe
201224.0,Basic
201225.0,Standard
201226.0,Basic
201227.0,Deluxe
201228.0,Basic
201229.0,Standard
201230.0,Deluxe
201231.0,Deluxe
201232.0,Deluxe
201233.0,Basic
201234.0,Basic
201235.0,Deluxe
201238.0,Deluxe
201239.0,Deluxe
201240.0,Basic
201241.0,Basic
201242.0,Standard
201243.0,Basic
201244.0,Standard
201245.0,Basic
201247.0,Deluxe
201248.0,Basic
201250.0,Standard
201251.0,Super Deluxe
201252.0,Basic
201253.0,Deluxe
201254.0,Basic
201256.0,Basic
201258.0,Basic
201259.0,Deluxe
201260.0,Basic
201261.0,Deluxe
201263.0,Basic
201264.0,Standard
201265.0,Basic
201266.0,Basic
201267.0,Standard
201268.0,Standard
201269.0,Deluxe
201270.0,Deluxe
201272.0,Deluxe
201274.0,Deluxe
201275.0,Standard
201276.0,Standard
201277.0,Standard
201278.0,Standard
201280.0,Standard
201282.0,Basic
201283.0,Basic
201284.0,Standard
201285.0,Deluxe
201286.0,Deluxe
201287.0,Deluxe
201288.0,Basic
201289.0,Basic
201292.0,Deluxe
201293.0,Basic
201294.0,Standard
201295.0,Basic
201296.0,Deluxe
201299.0,Basic
201300.0,Standard
201301.0,Basic
201302.0,Basic
201303.0,Basic
201304.0,Deluxe
201305.0,King
201306.0,Deluxe
201307.0,Deluxe
201308.0,Deluxe
201309.0,Basic
201310.0,Standard
201311.0,Basic
201314.0,Basic
201315.0,Standard
201316.0,Standard
201317.0,Basic
201318.0,Standard
201319.0,Basic
201320.0,Basic
201321.0,Basic
201322.0,Standard
201323.0,Basic
201324.0,Standard
201325.0,Standard
201327.0,Deluxe
201328.0,Basic
201329.0,Basic
201330.0,Standard
201331.0,Standard
201334.0,Basic
201335.0,Standard
201336.0,Basic
201337.0,Deluxe
201340.0,Basic
201341.0,Standard
201342.0,Deluxe
201343.0,Basic
201344.0,Standard
201345.0,Deluxe
201346.0,Deluxe
201347.0,Standard
201348.0,Super Deluxe
201349.0,Basic
201350.0,Standard
201351.0,Deluxe
201352.0,Standard
201355.0,Deluxe
201356.0,Standard
201357.0,Deluxe
201358.0,Deluxe
201359.0,King
201360.0,King
201361.0,Basic
201362.0,Deluxe
201363.0,Deluxe
201364.0,Standard
201366.0,Deluxe
201367.0,Basic
201368.0,Deluxe
201370.0,Deluxe
201371.0,Basic
201372.0,Basic
201373.0,Basic
201374.0,Standard
201376.0,Basic
201377.0,Standard
201378.0,Basic
201380.0,Basic
201381.0,Basic
201382.0,Basic
201383.0,Basic
201384.0,Basic
201385.0,Standard
201386.0,Basic
201387.0,Basic
201388.0,Deluxe
201389.0,Standard
201391.0,Basic
201392.0,Basic
201393.0,Standard
201394.0,Standard
201397.0,Basic
201398.0,King
201399.0,Deluxe
201400.0,Basic
201401.0,Standard
201402.0,Basic
201403.0,Basic
201404.0,Standard
201405.0,Basic
201406.0,Standard
201407.0,Basic
201408.0,Basic
201409.0,Basic
201410.0,Deluxe
201411.0,Basic
201412.0,Standard
201413.0,Standard
201414.0,Deluxe
201415.0,Basic
201416.0,Standard
201417.0,Basic
201418.0,Deluxe
201419.0,Deluxe
201420.0,Basic
201421.0,Basic
201422.0,Standard
201423.0,Basic
201424.0,Basic
201425.0,Basic
201426.0,Basic
201427.0,Basic
201428.0,Basic
201429.0,Deluxe
201430.0,Basic
201431.0,Deluxe
201432.0,Basic
201433.0,Basic
201434.0,Basic
201435.0,Basic
201436.0,Basic
201437.0,Super Deluxe
201439.0,Basic
201440.0,Standard
201441.0,Standard
201443.0,Super Deluxe
201445.0,Standard
201446.0,Standard
201447.0,Deluxe
201448.0,Standard
201449.0,Basic
201450.0,Standard
201451.0,Deluxe
201453.0,Deluxe
201454.0,Super Deluxe
201455.0,Basic
201456.0,Deluxe
201457.0,Basic
201458.0,Basic
201459.0,Standard
201460.0,Deluxe
201462.0,Basic
201463.0,Standard
201464.0,Basic
201465.0,Basic
201466.0,Standard
201467.0,Standard
201468.0,Basic
201469.0,King
201471.0,Deluxe
201473.0,Basic
201474.0,Basic
201475.0,Basic
201476.0,Basic
201477.0,Basic
201478.0,Standard
201479.0,Basic
201480.0,Basic
201481.0,Deluxe
201482.0,Basic
201483.0,Basic
201485.0,Standard
201486.0,Basic
201487.0,Basic
201488.0,Deluxe
201489.0,Basic
201490.0,Basic
201492.0,Deluxe
201493.0,Basic
201495.0,King
201497.0,Deluxe
201498.0,King
201499.0,King
201500.0,Basic
201501.0,Basic
201502.0,Basic
201505.0,Basic
201507.0,Basic
201508.0,Basic
201509.0,Deluxe
201510.0,Basic
201511.0,Basic
201513.0,Basic
201514.0,Basic
201516.0,Basic
201517.0,Basic
201518.0,Deluxe
201519.0,Basic
201522.0,Basic
201523.0,Standard
201524.0,Basic
201525.0,Basic
201526.0,Standard
201527.0,Basic
201528.0,Standard
201529.0,Standard
201530.0,King
201531.0,Basic
201532.0,Deluxe
201533.0,Standard
201534.0,Deluxe
201535.0,Basic
201536.0,Basic
201537.0,Standard
201538.0,Deluxe
201540.0,Standard
201541.0,Basic
201542.0,Basic
201543.0,Standard
201544.0,Basic
201545.0,Basic
201546.0,Basic
201547.0,Deluxe
201548.0,Basic
201549.0,Super Deluxe
201550.0,Basic
201551.0,Basic
201552.0,King
201553.0,Standard
201554.0,Basic
201555.0,Standard
201556.0,King
201557.0,Basic
201558.0,Basic
201560.0,Deluxe
201561.0,Basic
201562.0,Deluxe
201563.0,King
201564.0,Super Deluxe
201565.0,Deluxe
201566.0,Super Deluxe
201567.0,Basic
201568.0,Basic
201569.0,Basic
201571.0,Basic
201573.0,Deluxe
201574.0,Basic
201575.0,Deluxe
201576.0,Deluxe
201578.0,Basic
201579.0,Basic
201580.0,Standard
201582.0,Standard
201583.0,Basic
201584.0,Deluxe
201585.0,Basic
201586.0,Basic
201587.0,Standard
201588.0,Basic
201589.0,Standard
201590.0,Basic
201591.0,Deluxe
201593.0,Deluxe
201595.0,Basic
201598.0,Basic
201599.0,Deluxe
201600.0,Basic
201601.0,Deluxe
201603.0,Deluxe
201604.0,Basic
201605.0,Deluxe
201607.0,Deluxe
201608.0,Super Deluxe
201609.0,Standard
201611.0,Basic
201612.0,Basic
201613.0,Basic
201614.0,Deluxe
201615.0,Deluxe
201616.0,Basic
201617.0,Basic
201618.0,Standard
201619.0,Basic
201620.0,Basic
201621.0,King
201622.0,Basic
201623.0,Basic
201624.0,Deluxe
201625.0,Super Deluxe
201626.0,Deluxe
201627.0,Basic
201628.0,Deluxe
201629.0,Deluxe
201630.0,Basic
201631.0,Basic
201632.0,Basic
201633.0,Deluxe
201634.0,Basic
201635.0,Deluxe
201636.0,Basic
201637.0,King
201638.0,Super Deluxe
201639.0,Basic
201640.0,Basic
201642.0,Basic
201643.0,Basic
201644.0,Deluxe
201645.0,Standard
201646.0,Basic
201648.0,Standard
201649.0,Basic
201650.0,Standard
201651.0,Basic
201653.0,Basic
201654.0,Standard
201655.0,Deluxe
201656.0,Basic
201657.0,Basic
201658.0,King
201659.0,Deluxe
201660.0,Basic
201661.0,Basic
201663.0,Deluxe
201664.0,Basic
201665.0,Basic
201666.0,Deluxe
201667.0,Basic
201668.0,Standard
201669.0,Deluxe
201670.0,Standard
201671.0,Basic
201672.0,Deluxe
201673.0,Deluxe
201676.0,Basic
201677.0,Deluxe
201678.0,Basic
201679.0,Basic
201681.0,Super Deluxe
201682.0,Standard
201683.0,King
201685.0,Basic
201688.0,Super Deluxe
201689.0,Deluxe
201690.0,Basic
201691.0,Basic
201692.0,Standard
201693.0,Standard
201694.0,Deluxe
201695.0,Basic
201696.0,Basic
201697.0,Standard
201698.0,Deluxe
201700.0,Deluxe
201701.0,Basic
201702.0,Standard
201703.0,Basic
201705.0,Deluxe
201707.0,Basic
201708.0,Basic
201710.0,Deluxe
201711.0,Super Deluxe
201712.0,Basic
201713.0,Basic
201714.0,Basic
201715.0,Basic
201716.0,Basic
201717.0,Deluxe
201718.0,Basic
201719.0,Deluxe
201721.0,Standard
201722.0,Basic
201723.0,Standard
201724.0,Basic
201725.0,Basic
201726.0,Basic
201727.0,Basic
201728.0,Basic
201730.0,Basic
201731.0,Deluxe
201732.0,Deluxe
201733.0,Deluxe
201735.0,Standard
201736.0,Deluxe
201737.0,Standard
201738.0,Deluxe
201739.0,Basic
201740.0,Basic
201742.0,Basic
201743.0,Standard
201744.0,Basic
201745.0,Standard
201746.0,Standard
201747.0,Basic
201748.0,Deluxe
201749.0,Basic
201750.0,Deluxe
201751.0,Deluxe
201752.0,Basic
201753.0,Basic
201754.0,Basic
201755.0,Deluxe
201757.0,Basic
201759.0,Basic
201760.0,Deluxe
201761.0,Basic
201762.0,Basic
201764.0,Basic
201765.0,Standard
201767.0,Deluxe
201768.0,Basic
201769.0,Basic
201770.0,Basic
201771.0,Basic
201772.0,Basic
201773.0,King
201774.0,Basic
201775.0,Deluxe
201776.0,Basic
201777.0,Standard
201778.0,Basic
201779.0,Deluxe
201780.0,King
201781.0,Deluxe
201782.0,Basic
201783.0,Standard
201784.0,Deluxe
201785.0,Basic
201786.0,King
201788.0,Basic
201789.0,Deluxe
201790.0,Standard
201791.0,Standard
201792.0,Basic
201794.0,Basic
201795.0,Super Deluxe
201796.0,Deluxe
201798.0,Basic
201799.0,Deluxe
201800.0,Deluxe
201801.0,Standard
201802.0,Deluxe
201803.0,Deluxe
201804.0,Basic
201805.0,Super Deluxe
201807.0,King
201808.0,Deluxe
201809.0,Deluxe
201810.0,Standard
201811.0,Standard
201812.0,Deluxe
201813.0,Standard
201814.0,Deluxe
201815.0,Basic
201816.0,Deluxe
201817.0,Basic
201818.0,Standard
201819.0,Basic
201820.0,Basic
201821.0,King
201822.0,Standard
201823.0,Deluxe
201824.0,Basic
201825.0,Basic
201826.0,Standard
201828.0,Standard
201829.0,Basic
201830.0,Basic
201831.0,Basic
201832.0,Basic
201834.0,Basic
201835.0,Deluxe
201837.0,Deluxe
201839.0,Standard
201841.0,Basic
201842.0,Standard
201843.0,Standard
201844.0,Deluxe
201845.0,Standard
201846.0,Basic
201847.0,Basic
201849.0,Basic
201850.0,Standard
201851.0,Basic
201853.0,Basic
201854.0,Super Deluxe
201856.0,Basic
201857.0,Basic
201858.0,Basic
201859.0,Standard
201860.0,Deluxe
201861.0,Basic
201862.0,Standard
201863.0,Standard
201864.0,Standard
201865.0,Basic
201866.0,Basic
201867.0,Standard
201868.0,Basic
201869.0,Basic
201870.0,Deluxe
201871.0,King
201872.0,Deluxe
201873.0,Standard
201874.0,Basic
201876.0,Deluxe
201877.0,Deluxe
201878.0,King
201879.0,Basic
201880.0,Basic
201881.0,Deluxe
201882.0,Basic
201883.0,Basic
201886.0,Basic
201887.0,Basic
201888.0,Basic
201889.0,Basic
201890.0,Standard
201893.0,Deluxe
201894.0,Standard
201895.0,Deluxe
201896.0,Basic
201897.0,Basic
201898.0,Deluxe
201899.0,Basic
201900.0,Standard
201901.0,Basic
201902.0,Basic
201903.0,Standard
201904.0,Standard
201907.0,Basic
201908.0,Basic
201911.0,Basic
201912.0,Super Deluxe
201914.0,Basic
201915.0,Standard
201916.0,Deluxe
201917.0,Basic
201918.0,Standard
201919.0,Basic
201920.0,Standard
201921.0,Deluxe
201922.0,Deluxe
201924.0,Standard
201925.0,Deluxe
201926.0,King
201928.0,Basic
201929.0,King
201930.0,Deluxe
201931.0,Basic
201932.0,Basic
201934.0,Standard
201935.0,Basic
201936.0,King
201937.0,King
201938.0,Basic
201940.0,Basic
201941.0,Deluxe
201942.0,Deluxe
201943.0,Basic
201944.0,Basic
201945.0,Deluxe
201946.0,Basic
201947.0,Standard
201948.0,Basic
201951.0,Basic
201953.0,Basic
201954.0,Deluxe
201955.0,Basic
201956.0,Standard
201957.0,Basic
201958.0,Deluxe
201959.0,King
201960.0,Basic
201961.0,Deluxe
201962.0,Standard
201963.0,Basic
201964.0,Basic
201966.0,Basic
201967.0,Standard
201968.0,Basic
201969.0,Standard
201970.0,Deluxe
201971.0,Basic
201972.0,Deluxe
201973.0,Basic
201975.0,Basic
201976.0,Standard
201977.0,Basic
201978.0,Deluxe
201979.0,Deluxe
201980.0,Super Deluxe
201981.0,Basic
201982.0,Basic
201985.0,Basic
201986.0,Basic
201987.0,Basic
201988.0,Basic
201989.0,Basic
201990.0,Deluxe
201991.0,Standard
201992.0,Basic
201993.0,Basic
201994.0,Basic
201996.0,Deluxe
201997.0,Basic
201999.0,Standard
202000.0,Deluxe
202001.0,Basic
202002.0,Deluxe
202003.0,Super Deluxe
202004.0,King
202005.0,Standard
202006.0,Deluxe
202007.0,Deluxe
202008.0,Standard
202009.0,Standard
202011.0,Deluxe
202012.0,Deluxe
202013.0,Basic
202014.0,Standard
202015.0,Basic
202016.0,Basic
202018.0,Deluxe
202019.0,Deluxe
202020.0,Basic
202021.0,Basic
202022.0,Deluxe
202023.0,Basic
202024.0,Standard
202025.0,Basic
202026.0,Basic
202027.0,Basic
202028.0,Deluxe
202029.0,Basic
202030.0,Basic
202031.0,Standard
202033.0,Basic
202034.0,Standard
202035.0,Deluxe
202037.0,Basic
202039.0,Super Deluxe
202040.0,Deluxe
202041.0,Standard
202042.0,Standard
202044.0,Basic
202045.0,Basic
202046.0,Standard
202047.0,Basic
202048.0,Basic
202049.0,Standard
202050.0,Basic
202051.0,Deluxe
202052.0,Deluxe
202053.0,Super Deluxe
202054.0,King
202056.0,Basic
202057.0,Basic
202058.0,Standard
202060.0,Basic
202062.0,King
202063.0,Basic
202064.0,Basic
202066.0,Deluxe
202067.0,Basic
202069.0,Basic
202070.0,Deluxe
202071.0,Basic
202072.0,Standard
202073.0,Basic
202074.0,Deluxe
202075.0,Standard
202076.0,Basic
202079.0,Standard
202080.0,Deluxe
202081.0,Standard
202082.0,Basic
202083.0,Deluxe
202085.0,Basic
202086.0,Standard
202087.0,Basic
202088.0,Basic
202089.0,Deluxe
202090.0,Basic
202091.0,Basic
202092.0,Super Deluxe
202093.0,Super Deluxe
202094.0,Deluxe
202095.0,Deluxe
202096.0,Basic
202097.0,Deluxe
202098.0,Deluxe
202099.0,Basic
202100.0,Basic
202101.0,Basic
202102.0,Deluxe
202103.0,Basic
202104.0,Super Deluxe
202105.0,Deluxe
202107.0,Basic
202108.0,Super Deluxe
202109.0,Basic
202110.0,Basic
202111.0,Deluxe
202112.0,Basic
202113.0,Basic
202114.0,Basic
202116.0,Basic
202117.0,Standard
202118.0,Deluxe
202119.0,Deluxe
202120.0,Basic
202121.0,Deluxe
202122.0,Standard
202123.0,King
202124.0,Basic
202125.0,Deluxe
202127.0,Deluxe
202128.0,Basic
202129.0,Basic
202131.0,Basic
202134.0,Super Deluxe
202135.0,Basic
202138.0,Basic
202140.0,Basic
202141.0,Basic
202142.0,Basic
202143.0,Basic
202144.0,Basic
202145.0,Basic
202146.0,Deluxe
202147.0,King
202148.0,Basic
202149.0,Standard
202150.0,Basic
202151.0,Deluxe
202152.0,Basic
202154.0,Standard
202155.0,Standard
202156.0,Deluxe
202157.0,Deluxe
202160.0,Deluxe
202161.0,Basic
202162.0,Deluxe
202164.0,Standard
202166.0,Deluxe
202167.0,Basic
202168.0,Basic
202169.0,Standard
202171.0,King
202172.0,Deluxe
202173.0,Basic
202174.0,Standard
202175.0,Standard
202177.0,Basic
202178.0,Basic
202180.0,Standard
202182.0,Basic
202183.0,Basic
202184.0,Standard
202185.0,Deluxe
202186.0,Standard
202187.0,Basic
202188.0,Basic
202189.0,Super Deluxe
202191.0,Basic
202192.0,Basic
202193.0,Standard
202194.0,Standard
202196.0,Super Deluxe
202197.0,Basic
202198.0,King
202199.0,Standard
202200.0,Super Deluxe
202203.0,Basic
202204.0,Basic
202205.0,Super Deluxe
202206.0,Standard
202207.0,Basic
202208.0,Super Deluxe
202209.0,Standard
202210.0,Basic
202211.0,Standard
202212.0,Basic
202213.0,Basic
202215.0,Deluxe
202216.0,Standard
202217.0,Deluxe
202220.0,Super Deluxe
202221.0,Standard
202223.0,King
202224.0,Basic
202225.0,Standard
202226.0,Standard
202227.0,Deluxe
202228.0,Basic
202229.0,Basic
202230.0,Basic
202233.0,Basic
202234.0,Basic
202235.0,Basic
202236.0,Standard
202237.0,Standard
202238.0,Deluxe
202239.0,Basic
202240.0,King
202241.0,Standard
202242.0,Basic
202243.0,Standard
202244.0,Standard
202245.0,Standard
202248.0,Basic
202251.0,Standard
202252.0,Deluxe
202253.0,Basic
202254.0,Basic
202255.0,Standard
202256.0,Basic
202257.0,King
202258.0,Basic
202260.0,Standard
202263.0,Basic
202264.0,King
202265.0,Deluxe
202269.0,Standard
202272.0,Basic
202273.0,Basic
202274.0,Basic
202275.0,Basic
202276.0,Standard
202277.0,Basic
202278.0,Basic
202279.0,Deluxe
202280.0,King
202281.0,Standard
202282.0,Standard
202284.0,Standard
202285.0,Basic
202286.0,Deluxe
202287.0,Standard
202288.0,Basic
202289.0,Basic
202290.0,Standard
202291.0,Deluxe
202292.0,Deluxe
202293.0,Basic
202294.0,Deluxe
202295.0,Basic
202296.0,Basic
202297.0,Basic
202300.0,Basic
202302.0,Deluxe
202303.0,Basic
202304.0,Deluxe
202305.0,Deluxe
202307.0,Deluxe
202309.0,Basic
202310.0,Basic
202311.0,Basic
202313.0,Deluxe
202314.0,Deluxe
202315.0,King
202316.0,Basic
202317.0,Basic
202318.0,Basic
202320.0,Basic
202321.0,Standard
202322.0,Basic
202323.0,Basic
202324.0,Standard
202325.0,Standard
202326.0,Basic
202328.0,King
202329.0,Basic
202331.0,Basic
202332.0,Deluxe
202333.0,Basic
202335.0,Deluxe
202336.0,Standard
202337.0,Basic
202338.0,Basic
202339.0,King
202340.0,Deluxe
202342.0,Basic
202343.0,Basic
202344.0,Basic
202345.0,Basic
202346.0,Basic
202347.0,Basic
202348.0,Basic
202349.0,Basic
202350.0,Basic
202351.0,Basic
202352.0,Deluxe
202353.0,Basic
202354.0,Deluxe
202355.0,Deluxe
202356.0,Basic
202357.0,Deluxe
202358.0,Deluxe
202359.0,Basic
202360.0,Basic
202361.0,Basic
202363.0,Standard
202364.0,Basic
202365.0,Deluxe
202366.0,Deluxe
202367.0,Basic
202368.0,King
202369.0,Basic
202370.0,Basic
202445.0,Deluxe
202447.0,Deluxe
202448.0,Deluxe
202449.0,Basic
202450.0,Basic
202451.0,Deluxe
202452.0,Standard
202453.0,Deluxe
202454.0,Deluxe
202455.0,Standard
202456.0,Deluxe
202457.0,Basic
202459.0,Standard
202460.0,Standard
202461.0,Deluxe
202462.0,Basic
202463.0,Basic
202464.0,Deluxe
202466.0,Deluxe
202467.0,Basic
202469.0,King
202471.0,Basic
202472.0,Standard
202473.0,King
202474.0,Deluxe
202475.0,Super Deluxe
202476.0,Basic
202479.0,Basic
202481.0,Basic
202482.0,Standard
202483.0,King
202484.0,Basic
202485.0,Basic
202487.0,Standard
202488.0,Deluxe
202490.0,Standard
202491.0,Deluxe
202492.0,Super Deluxe
202493.0,Basic
202496.0,Standard
202497.0,Standard
202498.0,Standard
202499.0,Super Deluxe
202500.0,Standard
202501.0,Basic
202502.0,Deluxe
202503.0,Standard
202504.0,Standard
202505.0,Deluxe
202506.0,Basic
202507.0,Standard
202508.0,Standard
202509.0,Deluxe
202510.0,Super Deluxe
202511.0,King
202512.0,Basic
202514.0,Standard
202515.0,Deluxe
202516.0,Basic
202517.0,Standard
202518.0,Basic
202519.0,Deluxe
202520.0,Standard
202521.0,Deluxe
202522.0,Super Deluxe
202523.0,Standard
202524.0,Deluxe
202525.0,Basic
202526.0,King
202527.0,Basic
202528.0,Standard
202529.0,Deluxe
202530.0,Basic
202531.0,Basic
202532.0,Super Deluxe
202534.0,Deluxe
202535.0,Standard
202536.0,Deluxe
202537.0,Standard
202538.0,Standard
202539.0,Deluxe
202540.0,Standard
202541.0,Standard
202542.0,Super Deluxe
202543.0,Deluxe
202545.0,Deluxe
202547.0,Standard
202548.0,Standard
202549.0,Basic
202550.0,Deluxe
202552.0,Standard
202553.0,Standard
202554.0,Basic
202556.0,Basic
202557.0,Basic
202558.0,King
202559.0,Basic
202560.0,Standard
202561.0,Standard
202562.0,Deluxe
202563.0,Super Deluxe
202564.0,Basic
202565.0,Standard
202567.0,Basic
202569.0,Basic
202572.0,Basic
202573.0,Deluxe
202574.0,Standard
202575.0,Standard
202577.0,Deluxe
202578.0,Deluxe
202579.0,Standard
202581.0,Deluxe
202582.0,Standard
202583.0,Standard
202585.0,Deluxe
202586.0,Basic
202587.0,Basic
202588.0,Deluxe
202589.0,Basic
202590.0,Basic
202591.0,Basic
202592.0,Deluxe
202593.0,Basic
202594.0,Deluxe
202595.0,King
202596.0,Deluxe
202597.0,Basic
202598.0,Standard
202599.0,Standard
202600.0,Basic
202601.0,Deluxe
202602.0,Standard
202603.0,Basic
202604.0,Basic
202605.0,Basic
202606.0,Basic
202607.0,Standard
202608.0,Basic
202609.0,Deluxe
202610.0,Basic
202611.0,Standard
202612.0,Deluxe
202613.0,Deluxe
202614.0,Deluxe
202616.0,Basic
202617.0,Deluxe
202618.0,Standard
202619.0,Deluxe
202620.0,Deluxe
202622.0,Standard
202623.0,Deluxe
202624.0,Deluxe
202625.0,Basic
202627.0,Deluxe
202628.0,Standard
202629.0,Basic
202630.0,Basic
202631.0,Deluxe
202632.0,Basic
202633.0,Basic
202634.0,Deluxe
202635.0,Deluxe
202637.0,Basic
202638.0,Basic
202639.0,Deluxe
202640.0,Standard
202641.0,Standard
202642.0,Standard
202643.0,Basic
202644.0,Basic
202645.0,Deluxe
202646.0,Deluxe
202647.0,Basic
202650.0,Basic
202651.0,Basic
202652.0,Standard
202653.0,Deluxe
202655.0,Basic
202656.0,Standard
202657.0,Standard
202659.0,Standard
202662.0,Deluxe
202663.0,Standard
202664.0,Standard
202665.0,Basic
202666.0,Standard
202667.0,Standard
202668.0,Deluxe
202669.0,Deluxe
202670.0,Basic
202671.0,Deluxe
202672.0,Basic
202674.0,Standard
202675.0,Deluxe
202676.0,Basic
202677.0,Deluxe
202679.0,Standard
202681.0,Deluxe
202682.0,Standard
202684.0,Basic
202685.0,Standard
202686.0,Basic
202687.0,Deluxe
202688.0,Deluxe
202689.0,Standard
202690.0,Basic
202691.0,Basic
202692.0,Deluxe
202693.0,Basic
202695.0,Standard
202696.0,Basic
202697.0,Basic
202698.0,Deluxe
202699.0,Standard
202700.0,Deluxe
202701.0,Basic
202702.0,Super Deluxe
202704.0,Deluxe
202705.0,Standard
202706.0,Basic
202707.0,Deluxe
202709.0,Deluxe
202710.0,Standard
202711.0,Standard
202712.0,Standard
202713.0,Deluxe
202714.0,Super Deluxe
202716.0,Basic
202717.0,Basic
202718.0,Deluxe
202719.0,King
202720.0,Standard
202721.0,Deluxe
202722.0,Deluxe
202723.0,Super Deluxe
202724.0,Deluxe
202725.0,King
202726.0,Basic
202727.0,Basic
202728.0,Standard
202729.0,Basic
202731.0,Basic
202733.0,Basic
202734.0,Super Deluxe
202735.0,Deluxe
202736.0,Basic
202738.0,Basic
202739.0,Standard
202741.0,Basic
202742.0,Deluxe
202743.0,Standard
202744.0,Super Deluxe
202745.0,Basic
202746.0,Standard
202747.0,Standard
202748.0,Basic
202749.0,Standard
202750.0,Standard
202751.0,Standard
202752.0,Standard
202753.0,Standard
202754.0,King
202755.0,Deluxe
202756.0,Basic
202757.0,Standard
202758.0,Deluxe
202759.0,Basic
202760.0,King
202762.0,Basic
202763.0,Deluxe
202764.0,Basic
202765.0,Deluxe
202766.0,Standard
202768.0,Standard
202769.0,Deluxe
202770.0,Deluxe
202772.0,Deluxe
202773.0,Deluxe
202774.0,Deluxe
202775.0,Standard
202776.0,Deluxe
202777.0,Deluxe
202778.0,Deluxe
202779.0,Standard
202781.0,Deluxe
202782.0,Basic
202783.0,Basic
202784.0,Standard
202785.0,Standard
202786.0,Standard
202787.0,Super Deluxe
202788.0,Super Deluxe
202789.0,Basic
202790.0,Standard
202791.0,Basic
202792.0,Standard
202793.0,Deluxe
202794.0,Deluxe
202795.0,Basic
202796.0,Standard
202797.0,Standard
202798.0,Standard
202799.0,Standard
202800.0,Basic
202802.0,Deluxe
202803.0,King
202804.0,Basic
202805.0,Basic
202806.0,Deluxe
202808.0,Deluxe
202809.0,King
202811.0,Deluxe
202813.0,Deluxe
202815.0,Basic
202816.0,King
202817.0,Basic
202818.0,Standard
202819.0,Basic
202820.0,Standard
202821.0,Basic
202823.0,Standard
202824.0,Deluxe
202825.0,Basic
202827.0,Basic
202828.0,Standard
202830.0,Deluxe
202831.0,Standard
202832.0,Basic
202833.0,Deluxe
202834.0,King
202835.0,Basic
202836.0,Deluxe
202837.0,Standard
202838.0,Deluxe
202839.0,Basic
202840.0,Deluxe
202841.0,Super Deluxe
202842.0,Super Deluxe
202843.0,Basic
202844.0,Super Deluxe
202845.0,King
202846.0,Standard
202847.0,Deluxe
202848.0,Deluxe
202850.0,Super Deluxe
202851.0,Basic
202852.0,King
202853.0,Super Deluxe
202854.0,Deluxe
202855.0,Basic
202856.0,Deluxe
202857.0,Super Deluxe
202860.0,Basic
202861.0,Standard
202862.0,Basic
202863.0,Deluxe
202864.0,Deluxe
202867.0,Deluxe
202868.0,Standard
202869.0,King
202870.0,Basic
202871.0,King
202872.0,Standard
202873.0,Standard
202874.0,Deluxe
202875.0,Standard
202876.0,Deluxe
202877.0,Super Deluxe
202878.0,Basic
202881.0,Basic
202882.0,Deluxe
202885.0,Basic
202886.0,Deluxe
202888.0,Deluxe
202889.0,Standard
202890.0,Deluxe
202891.0,Deluxe
202892.0,Standard
202893.0,Deluxe
202894.0,Basic
202895.0,Basic
202896.0,Deluxe
202898.0,Deluxe
202899.0,Standard
202900.0,Deluxe
202902.0,Standard
202903.0,Standard
202904.0,Standard
202905.0,Deluxe
202906.0,Deluxe
202908.0,Basic
202909.0,King
202910.0,Standard
202911.0,Standard
202912.0,Basic
202914.0,Basic
202915.0,Super Deluxe
202916.0,Standard
202917.0,Standard
202918.0,Basic
202919.0,Standard
202920.0,Basic
202921.0,King
202922.0,Basic
202925.0,Basic
202927.0,Deluxe
202928.0,Deluxe
202929.0,Basic
202930.0,Super Deluxe
202931.0,Basic
202932.0,Basic
202933.0,King
202934.0,Basic
202935.0,Standard
202936.0,Standard
202937.0,Standard
202938.0,Basic
202940.0,Basic
202941.0,Standard
202942.0,Basic
202943.0,King
202944.0,Standard
202945.0,Basic
202946.0,Super Deluxe
202947.0,Basic
202949.0,Basic
202950.0,Standard
202951.0,Standard
202952.0,Basic
202953.0,Deluxe
202954.0,Standard
202955.0,Standard
202956.0,Basic
202959.0,Basic
202960.0,Basic
202961.0,Basic
202962.0,Deluxe
202963.0,Basic
202964.0,Basic
202965.0,Standard
202966.0,Deluxe
202967.0,Deluxe
202968.0,Deluxe
202970.0,Basic
202971.0,Standard
202973.0,Deluxe
202974.0,Deluxe
202975.0,King
202976.0,Standard
202977.0,Deluxe
202978.0,King
202979.0,Standard
202980.0,Deluxe
202981.0,Deluxe
202982.0,Standard
202983.0,Deluxe
202985.0,Standard
202986.0,Deluxe
202987.0,Basic
202988.0,Basic
202989.0,Standard
202990.0,Deluxe
202992.0,Basic
202993.0,Standard
202994.0,Basic
202995.0,Standard
202996.0,Deluxe
202997.0,Basic
202998.0,Basic
202999.0,Basic
203000.0,Deluxe
203001.0,Basic
203002.0,Deluxe
203003.0,Basic
203004.0,Standard
203005.0,Standard
203007.0,Standard
203008.0,Standard
203009.0,Basic
203011.0,Deluxe
203013.0,King
203014.0,Standard
203015.0,Basic
203016.0,Deluxe
203018.0,Basic
203019.0,Deluxe
203020.0,Basic
203021.0,Deluxe
203022.0,Deluxe
203023.0,Basic
203024.0,Deluxe
203025.0,Deluxe
203026.0,Basic
203027.0,Standard
203028.0,Standard
203030.0,Deluxe
203031.0,Super Deluxe
203032.0,Standard
203034.0,Deluxe
203036.0,Basic
203037.0,Deluxe
203038.0,Basic
203040.0,Basic
203041.0,Deluxe
203043.0,Standard
203044.0,King
203045.0,Deluxe
203046.0,Deluxe
203047.0,Basic
203048.0,Deluxe
203049.0,Standard
203050.0,Deluxe
203053.0,Standard
203054.0,King
203055.0,Deluxe
203056.0,Deluxe
203057.0,Deluxe
203059.0,Basic
203060.0,Standard
203061.0,King
203062.0,Basic
203063.0,Basic
203064.0,Deluxe
203065.0,Deluxe
203066.0,Deluxe
203067.0,Basic
203068.0,Super Deluxe
203069.0,Super Deluxe
203070.0,Deluxe
203071.0,Deluxe
203072.0,Standard
203073.0,Super Deluxe
203074.0,Deluxe
203075.0,Basic
203076.0,Deluxe
203077.0,Basic
203078.0,Deluxe
203079.0,Super Deluxe
203081.0,Basic
203082.0,Basic
203083.0,Basic
203084.0,Basic
203085.0,Deluxe
203086.0,Deluxe
203087.0,Standard
203088.0,Basic
203090.0,Super Deluxe
203091.0,Basic
203092.0,Basic
203093.0,Deluxe
203094.0,Deluxe
203095.0,Basic
203096.0,Basic
203097.0,Basic
203098.0,Deluxe
203099.0,Basic
203101.0,Standard
203102.0,Deluxe
203103.0,Standard
203105.0,Deluxe
203108.0,Standard
203109.0,Basic
203112.0,Basic
203114.0,Basic
203115.0,Basic
203116.0,Standard
203117.0,Basic
203118.0,Deluxe
203119.0,Basic
203120.0,Deluxe
203121.0,Standard
203122.0,Basic
203123.0,Standard
203124.0,Deluxe
203125.0,King
203126.0,Basic
203128.0,Basic
203129.0,Deluxe
203130.0,Standard
203131.0,Basic
203134.0,Standard
203135.0,Deluxe
203136.0,Deluxe
203138.0,Standard
203140.0,Basic
203141.0,Basic
203142.0,Deluxe
203143.0,Basic
203145.0,Basic
203146.0,Deluxe
203147.0,Standard
203148.0,Basic
203149.0,Basic
203151.0,Deluxe
203152.0,Super Deluxe
203154.0,Standard
203156.0,Basic
203157.0,Basic
203158.0,Basic
203159.0,Deluxe
203160.0,Basic
203161.0,Basic
203162.0,Basic
203163.0,Deluxe
203165.0,Standard
203166.0,Deluxe
203167.0,Standard
203168.0,Basic
203170.0,Deluxe
203171.0,Basic
203172.0,Basic
203173.0,Standard
203174.0,Standard
203177.0,Basic
203178.0,Basic
203179.0,Deluxe
203180.0,Standard
203181.0,Deluxe
203182.0,Super Deluxe
203183.0,Deluxe
203184.0,Deluxe
203185.0,Basic
203186.0,Basic
203187.0,Deluxe
203189.0,Standard
203190.0,King
203191.0,Deluxe
203194.0,Basic
203195.0,King
203197.0,Basic
203198.0,Basic
203199.0,Deluxe
203200.0,Deluxe
203201.0,Deluxe
203202.0,Deluxe
203203.0,Deluxe
203204.0,Standard
203207.0,Deluxe
203208.0,Basic
203209.0,Basic
203210.0,Basic
203211.0,Basic
203212.0,Basic
203213.0,Basic
203214.0,Standard
203215.0,Super Deluxe
203216.0,Basic
203217.0,Basic
203218.0,Deluxe
203219.0,Basic
203222.0,Standard
203225.0,Basic
203226.0,Deluxe
203227.0,Deluxe
203228.0,Basic
203229.0,Basic
203230.0,Deluxe
203231.0,Super Deluxe
203232.0,Basic
203234.0,Deluxe
203237.0,Deluxe
203238.0,Deluxe
203239.0,Deluxe
203243.0,Deluxe
203246.0,Deluxe
203247.0,Basic
203248.0,Basic
203249.0,Deluxe
203250.0,Basic
203251.0,Basic
203252.0,Basic
203253.0,Standard
203254.0,Basic
203255.0,Standard
203256.0,Standard
203258.0,Basic
203259.0,Basic
203260.0,Deluxe
203261.0,Standard
203262.0,Basic
203263.0,Basic
203264.0,Deluxe
203265.0,Standard
203266.0,Basic
203267.0,Deluxe
203268.0,Basic
203269.0,Standard
203270.0,Deluxe
203271.0,Basic
203274.0,Deluxe
203276.0,Deluxe
203277.0,Basic
203278.0,Deluxe
203279.0,Deluxe
203281.0,Deluxe
203283.0,Deluxe
203284.0,Basic
203285.0,Deluxe
203287.0,Basic
203288.0,Deluxe
203289.0,Basic
203290.0,Deluxe
203291.0,Deluxe
203292.0,Basic
203294.0,Deluxe
203295.0,Deluxe
203296.0,Basic
203297.0,Basic
203298.0,Deluxe
203299.0,King
203300.0,Basic
203302.0,Basic
203303.0,Basic
203305.0,King
203306.0,Basic
203307.0,Basic
203309.0,Deluxe
203310.0,Basic
203311.0,Basic
203312.0,Basic
203313.0,Deluxe
203314.0,Deluxe
203316.0,Deluxe
203317.0,Basic
203318.0,Super Deluxe
203319.0,Basic
203320.0,Basic
203321.0,Standard
203322.0,Standard
203323.0,Deluxe
203324.0,Basic
203325.0,Basic
203326.0,Standard
203327.0,Basic
203328.0,Standard
203329.0,Deluxe
203330.0,Basic
203331.0,Basic
203332.0,King
203333.0,Basic
203334.0,Standard
203335.0,Basic
203337.0,Basic
203338.0,King
203339.0,Deluxe
203340.0,Deluxe
203341.0,Deluxe
203342.0,Deluxe
203343.0,King
203344.0,Basic
203345.0,Basic
203346.0,Basic
203347.0,Standard
203348.0,King
203349.0,Basic
203350.0,Basic
203351.0,King
203352.0,Standard
203353.0,Basic
203354.0,Basic
203356.0,Deluxe
203358.0,Super Deluxe
203360.0,King
203361.0,Basic
203362.0,Deluxe
203363.0,Standard
203364.0,Deluxe
203365.0,Basic
203366.0,King
203367.0,Deluxe
203368.0,Deluxe
203369.0,Basic
203370.0,Standard
203371.0,Deluxe
203373.0,Basic
203374.0,Deluxe
203375.0,Deluxe
203377.0,Basic
203378.0,Basic
203379.0,Standard
203380.0,Standard
203381.0,Basic
203382.0,Basic
203385.0,Deluxe
203386.0,Standard
203387.0,Deluxe
203388.0,Standard
203389.0,Super Deluxe
203392.0,Deluxe
203393.0,Deluxe
203394.0,Deluxe
203395.0,Standard
203398.0,Deluxe
203399.0,King
203400.0,Basic
203401.0,Deluxe
203402.0,Deluxe
203403.0,Basic
203404.0,Deluxe
203405.0,Deluxe
203406.0,Super Deluxe
203407.0,King
203408.0,Deluxe
203409.0,Basic
203411.0,Basic
203412.0,Basic
203413.0,King
203414.0,Basic
203415.0,Basic
203416.0,Basic
203417.0,Standard
203418.0,Basic
203420.0,Basic
203421.0,Basic
203422.0,Basic
203423.0,Standard
203426.0,Basic
203427.0,Standard
203428.0,Deluxe
203430.0,Deluxe
203431.0,Standard
203432.0,Deluxe
203433.0,Deluxe
203434.0,Deluxe
203435.0,Basic
203436.0,Deluxe
203437.0,Deluxe
203438.0,Basic
203439.0,Basic
203440.0,Standard
203442.0,Basic
203443.0,Super Deluxe
203444.0,Deluxe
203445.0,Deluxe
203446.0,Standard
203447.0,Basic
203448.0,Basic
203449.0,King
203452.0,Super Deluxe
203453.0,King
203454.0,Super Deluxe
203455.0,Standard
203457.0,Deluxe
203458.0,Super Deluxe
203459.0,Deluxe
203461.0,Basic
203462.0,Deluxe
203463.0,Deluxe
203464.0,Deluxe
203466.0,Basic
203467.0,Basic
203468.0,Super Deluxe
203469.0,Basic
203470.0,Deluxe
203471.0,Basic
203472.0,Basic
203473.0,Basic
203474.0,Basic
203478.0,Deluxe
203479.0,Basic
203481.0,Deluxe
203482.0,Deluxe
203484.0,Basic
203485.0,King
203486.0,Basic
203487.0,Deluxe
203488.0,Standard
203489.0,Basic
203490.0,Basic
203491.0,Deluxe
203492.0,Basic
203493.0,Deluxe
203494.0,Basic
203495.0,Deluxe
203496.0,Basic
203497.0,Standard
203498.0,Basic
203499.0,Super Deluxe
203503.0,Standard
203505.0,Basic
203506.0,Standard
203507.0,King
203508.0,Basic
203509.0,Super Deluxe
203510.0,Super Deluxe
203511.0,Basic
203513.0,Basic
203514.0,Deluxe
203515.0,Deluxe
203516.0,Basic
203517.0,Basic
203518.0,Basic
203519.0,Basic
203520.0,Super Deluxe
203522.0,Deluxe
203523.0,Deluxe
203524.0,Standard
203525.0,King
203526.0,Basic
203528.0,Standard
203530.0,Basic
203531.0,Basic
203532.0,Deluxe
203533.0,Deluxe
203534.0,Deluxe
203535.0,Basic
203536.0,Deluxe
203537.0,Standard
203538.0,Basic
203539.0,Deluxe
203540.0,Super Deluxe
203541.0,Basic
203542.0,Basic
203543.0,King
203544.0,Basic
203545.0,Deluxe
203546.0,Basic
203547.0,Deluxe
203548.0,Standard
203549.0,Deluxe
203551.0,Deluxe
203552.0,Basic
203553.0,Standard
203557.0,Basic
203558.0,Basic
203559.0,Basic
203560.0,Super Deluxe
203561.0,Basic
203562.0,Basic
203563.0,Standard
203564.0,Basic
203565.0,Basic
203566.0,Basic
203567.0,Standard
203568.0,Standard
203569.0,King
203570.0,Deluxe
203571.0,Basic
203572.0,Basic
203573.0,Super Deluxe
203574.0,Basic
203575.0,Deluxe
203576.0,Basic
203577.0,Deluxe
203578.0,Basic
203579.0,Standard
203581.0,Basic
203582.0,Basic
203583.0,Basic
203584.0,Deluxe
203585.0,Basic
203586.0,Standard
203587.0,Basic
203588.0,Basic
203589.0,Basic
203590.0,Basic
203591.0,Basic
203592.0,Basic
203593.0,Basic
203594.0,Basic
203595.0,Deluxe
203596.0,Basic
203598.0,Super Deluxe
203599.0,Deluxe
203600.0,Standard
203601.0,Basic
203602.0,Deluxe
203603.0,Basic
203604.0,Standard
203605.0,Standard
203607.0,Deluxe
203608.0,Deluxe
203609.0,Standard
203610.0,Deluxe
203612.0,Basic
203613.0,Deluxe
203614.0,Basic
203616.0,Standard
203617.0,Standard
203618.0,Deluxe
203619.0,Deluxe
203620.0,Deluxe
203621.0,Deluxe
203622.0,Basic
203623.0,Basic
203624.0,Deluxe
203625.0,King
203626.0,Basic
203627.0,Deluxe
203628.0,Super Deluxe
203629.0,Basic
203631.0,Deluxe
203632.0,Basic
203633.0,Basic
203634.0,Basic
203635.0,Basic
203636.0,Deluxe
203637.0,Basic
203638.0,Basic
203639.0,Deluxe
203640.0,Deluxe
203641.0,Basic
203642.0,Deluxe
203643.0,Deluxe
203644.0,Deluxe
203646.0,Deluxe
203647.0,Deluxe
203650.0,Basic
203651.0,Basic
203652.0,Basic
203653.0,Standard
203654.0,Basic
203655.0,Deluxe
203656.0,Basic
203658.0,Standard
203659.0,Basic
203660.0,Standard
203661.0,Basic
203662.0,King
203663.0,Basic
203664.0,Deluxe
203665.0,Standard
203668.0,Basic
203669.0,Basic
203670.0,Basic
203671.0,Basic
203672.0,Deluxe
203673.0,Super Deluxe
203674.0,Basic
203675.0,Deluxe
203676.0,Basic
203677.0,Basic
203678.0,Basic
203679.0,Standard
203682.0,Basic
203683.0,Deluxe
203684.0,Deluxe
203685.0,Standard
203686.0,Standard
203687.0,Deluxe
203688.0,Basic
203689.0,Basic
203691.0,Standard
203692.0,Basic
203694.0,Super Deluxe
203695.0,Basic
203696.0,Basic
203697.0,Deluxe
203698.0,Basic
203700.0,Basic
203702.0,Basic
203703.0,Deluxe
203704.0,Basic
203705.0,Deluxe
203707.0,Basic
203708.0,Super Deluxe
203709.0,Basic
203710.0,Basic
203711.0,Basic
203712.0,Standard
203713.0,Basic
203714.0,Standard
203716.0,Basic
203718.0,Deluxe
203719.0,Standard
203720.0,Deluxe
203721.0,Deluxe
203722.0,Standard
203724.0,Basic
203726.0,Basic
203727.0,Deluxe
203728.0,Basic
203729.0,Deluxe
203730.0,Deluxe
203731.0,Deluxe
203732.0,Basic
203733.0,Basic
203736.0,Deluxe
203737.0,Basic
203738.0,Deluxe
203739.0,Standard
203740.0,Standard
203743.0,Deluxe
203744.0,Deluxe
203745.0,Basic
203746.0,Basic
203747.0,King
203748.0,Basic
203749.0,Deluxe
203750.0,Standard
203751.0,Deluxe
203752.0,Deluxe
203753.0,Deluxe
203754.0,Standard
203755.0,Basic
203758.0,Basic
203759.0,Deluxe
203760.0,Basic
203761.0,Basic
203762.0,Deluxe
203763.0,Deluxe
203764.0,Basic
203765.0,Basic
203766.0,Standard
203767.0,Basic
203768.0,Standard
203769.0,Deluxe
203771.0,Deluxe
203772.0,Basic
203773.0,Basic
203774.0,Standard
203775.0,Deluxe
203778.0,Standard
203779.0,Deluxe
203780.0,Basic
203781.0,Basic
203784.0,Basic
203785.0,Deluxe
203786.0,Deluxe
203787.0,Basic
203788.0,Deluxe
203789.0,Basic
203790.0,Deluxe
203791.0,Basic
203792.0,King
203793.0,Basic
203794.0,Super Deluxe
203795.0,Deluxe
203796.0,Deluxe
203799.0,Deluxe
203800.0,Basic
203801.0,Deluxe
203802.0,Deluxe
203803.0,Basic
203804.0,Deluxe
203805.0,Basic
203806.0,Deluxe
203807.0,Deluxe
203808.0,Super Deluxe
203810.0,Deluxe
203811.0,Basic
203812.0,Deluxe
203814.0,Deluxe
203815.0,Deluxe
203816.0,Basic
203817.0,Basic
203818.0,Deluxe
203820.0,Deluxe
203821.0,Deluxe
203822.0,Basic
203824.0,Basic
203825.0,Basic
203826.0,Basic
203827.0,Basic
203828.0,King
203829.0,Deluxe
203830.0,Basic
203831.0,Deluxe
203832.0,Deluxe
203833.0,Basic
203835.0,Basic
203836.0,Basic
203837.0,Basic
203838.0,Standard
203841.0,Basic
203842.0,Deluxe
203843.0,Deluxe
203844.0,Basic
203845.0,Basic
203846.0,Basic
203847.0,Standard
203848.0,Deluxe
203849.0,King
203850.0,Super Deluxe
203851.0,Basic
203852.0,Standard
203853.0,Basic
203854.0,Basic
203855.0,Basic
203856.0,Basic
203857.0,Basic
203858.0,Deluxe
203859.0,Basic
203860.0,Basic
203861.0,Basic
203862.0,Basic
203863.0,Deluxe
203864.0,Basic
203865.0,King
203866.0,Standard
203867.0,Basic
203868.0,Basic
203869.0,Deluxe
203870.0,Basic
203871.0,Basic
203872.0,Basic
203873.0,Basic
203874.0,Deluxe
203875.0,Standard
203876.0,Standard
203877.0,Basic
203878.0,Deluxe
203879.0,Basic
203880.0,Basic
203881.0,Deluxe
203883.0,Deluxe
203884.0,Deluxe
203885.0,Deluxe
203887.0,King
203889.0,Standard
203890.0,Standard
203891.0,Deluxe
203892.0,Basic
203893.0,Basic
203894.0,Deluxe
203895.0,Basic
203897.0,Deluxe
203898.0,Deluxe
203899.0,Basic
203900.0,Deluxe
203901.0,Basic
203902.0,Basic
203903.0,Deluxe
203904.0,Basic
203906.0,King
203907.0,Standard
203908.0,Basic
203909.0,Basic
203910.0,Standard
203911.0,Deluxe
203912.0,Basic
203913.0,Deluxe
203915.0,Deluxe
203917.0,Basic
203918.0,Basic
203919.0,Basic
203920.0,Basic
203921.0,Basic
203922.0,Deluxe
203923.0,Deluxe
203924.0,Basic
203925.0,Basic
203926.0,Basic
203927.0,Basic
203929.0,Standard
203930.0,Basic
203931.0,Basic
203932.0,Standard
203933.0,Basic
203934.0,Basic
203936.0,Deluxe
203937.0,Basic
203939.0,Standard
203941.0,Super Deluxe
203942.0,Standard
203943.0,Standard
203944.0,Basic
203945.0,Deluxe
203946.0,Basic
203949.0,Basic
203951.0,Basic
203952.0,Basic
203953.0,Basic
203954.0,Deluxe
203955.0,Basic
203957.0,Standard
203958.0,Basic
203960.0,Deluxe
203961.0,Basic
203962.0,Basic
203963.0,Basic
203966.0,Basic
203967.0,Standard
203968.0,Deluxe
203969.0,Deluxe
203970.0,Deluxe
203971.0,Basic
203972.0,Deluxe
203973.0,Deluxe
203974.0,Basic
203975.0,Basic
203976.0,Basic
203977.0,Deluxe
203978.0,Standard
203979.0,Standard
203980.0,Deluxe
203981.0,Standard
203982.0,Deluxe
203984.0,Standard
203985.0,Basic
203986.0,Basic
203987.0,Basic
203988.0,Basic
203989.0,Basic
203990.0,Basic
203991.0,King
203992.0,Standard
203993.0,Deluxe
203994.0,Basic
203995.0,Basic
203996.0,Standard
203997.0,Basic
203998.0,Basic
203999.0,Basic
204000.0,Basic
204001.0,Basic
204002.0,Basic
204004.0,King
204005.0,Basic
204006.0,Standard
204007.0,King
204008.0,Basic
204009.0,King
204010.0,Basic
204011.0,Basic
204012.0,Standard
204013.0,Standard
204015.0,Basic
204017.0,Basic
204018.0,Deluxe
204019.0,Deluxe
204020.0,Basic
204022.0,Basic
204023.0,Deluxe
204024.0,Basic
204026.0,Standard
204027.0,Basic
204028.0,Basic
204029.0,Deluxe
204030.0,Deluxe
204031.0,Super Deluxe
204032.0,Basic
204033.0,Basic
204034.0,Basic
204035.0,Deluxe
204037.0,Basic
204039.0,Basic
204042.0,Standard
204043.0,Standard
204044.0,Basic
204045.0,Deluxe
204047.0,Super Deluxe
204048.0,Basic
204049.0,Deluxe
204051.0,Deluxe
204052.0,Deluxe
204053.0,Basic
204055.0,Basic
204056.0,Deluxe
204057.0,Basic
204058.0,Deluxe
204059.0,Basic
204060.0,Basic
204061.0,Deluxe
204062.0,Basic
204063.0,Basic
204064.0,Deluxe
204065.0,Standard
204066.0,Basic
204067.0,Deluxe
204068.0,Deluxe
204069.0,Basic
204070.0,Deluxe
204071.0,Basic
204072.0,Standard
204073.0,Deluxe
204074.0,Basic
204075.0,Basic
204076.0,Basic
204077.0,Standard
204078.0,Basic
204079.0,Basic
204080.0,Basic
204081.0,Basic
204082.0,Super Deluxe
204083.0,Basic
204084.0,Basic
204086.0,Basic
204087.0,Basic
204088.0,Deluxe
204089.0,Basic
204090.0,Basic
204092.0,Standard
204093.0,Basic
204094.0,Deluxe
204095.0,Basic
204097.0,Basic
204098.0,Deluxe
204099.0,Basic
204100.0,Standard
204101.0,Standard
204102.0,Basic
204103.0,Deluxe
204104.0,Standard
204105.0,Basic
204107.0,Basic
204108.0,Standard
204109.0,Basic
204110.0,Deluxe
204111.0,Deluxe
204112.0,Standard
204113.0,Deluxe
204114.0,Basic
204115.0,Standard
204116.0,Deluxe
204117.0,Deluxe
204120.0,Basic
204121.0,Basic
204122.0,Basic
204123.0,Deluxe
204125.0,Super Deluxe
204126.0,Basic
204127.0,King
204129.0,Deluxe
204132.0,Super Deluxe
204133.0,Basic
204134.0,Basic
204135.0,Basic
204136.0,Standard
204137.0,Standard
204138.0,Basic
204139.0,Basic
204140.0,Basic
204141.0,Super Deluxe
204142.0,Super Deluxe
204144.0,Basic
204145.0,Deluxe
204146.0,Basic
204147.0,Standard
204149.0,Standard
204151.0,Standard
204152.0,Basic
204154.0,Basic
204155.0,Basic
204156.0,Basic
204157.0,Basic
204158.0,Deluxe
204159.0,Deluxe
204160.0,Basic
204161.0,Basic
204162.0,Basic
204163.0,Basic
204165.0,Standard
204166.0,Basic
204167.0,Standard
204168.0,Deluxe
204169.0,Basic
204170.0,Basic
204171.0,Deluxe
204172.0,Basic
204174.0,Basic
204175.0,Basic
204176.0,Basic
204177.0,Deluxe
204179.0,Basic
204180.0,Deluxe
204181.0,Deluxe
204182.0,Deluxe
204183.0,Basic
204184.0,Standard
204186.0,Basic
204187.0,Deluxe
204188.0,Basic
204189.0,Standard
204190.0,Standard
204191.0,Deluxe
204192.0,Deluxe
204193.0,Standard
204194.0,Standard
204195.0,Super Deluxe
204196.0,Basic
204197.0,Basic
204198.0,Basic
204199.0,Standard
204201.0,Deluxe
204203.0,Basic
204204.0,Standard
204205.0,Basic
204206.0,Basic
204208.0,Basic
204209.0,Deluxe
204211.0,Deluxe
204212.0,Standard
204213.0,Deluxe
204214.0,King
204215.0,Basic
204216.0,Standard
204217.0,Basic
204218.0,Super Deluxe
204219.0,Deluxe
204220.0,Deluxe
204221.0,Deluxe
204222.0,Basic
204223.0,Basic
204224.0,Basic
204225.0,Deluxe
204226.0,Basic
204227.0,Deluxe
204228.0,Standard
204229.0,Basic
204230.0,King
204232.0,Basic
204233.0,Basic
204234.0,Deluxe
204235.0,Basic
204236.0,Basic
204238.0,Deluxe
204239.0,Deluxe
204240.0,Standard
204242.0,Basic
204243.0,Deluxe
204244.0,Basic
204245.0,Deluxe
204246.0,Deluxe
204247.0,Deluxe
204248.0,Basic
204249.0,Basic
204251.0,Basic
204252.0,Basic
204253.0,Basic
204254.0,Deluxe
204255.0,Basic
204256.0,Basic
204257.0,Standard
204258.0,Standard
204259.0,Basic
204260.0,Deluxe
204261.0,Basic
204262.0,Deluxe
204263.0,Basic
204264.0,Basic
204265.0,Basic
204266.0,Deluxe
204267.0,Deluxe
204268.0,Basic
204269.0,Basic
204270.0,Standard
204272.0,Deluxe
204273.0,Super Deluxe
204274.0,Standard
204275.0,Basic
204276.0,Basic
204278.0,Basic
204279.0,Deluxe
204281.0,Standard
204283.0,Basic
204285.0,Basic
204286.0,Basic
204287.0,Standard
204288.0,Basic
204289.0,Deluxe
204290.0,Basic
204291.0,Basic
204293.0,King
204294.0,Basic
204295.0,Basic
204297.0,Basic
204298.0,Basic
204300.0,Basic
204301.0,Deluxe
204302.0,Basic
204303.0,Deluxe
204304.0,King
204305.0,Basic
204306.0,Standard
204307.0,Deluxe
204308.0,Deluxe
204309.0,Basic
204310.0,Basic
204311.0,Basic
204312.0,Basic
204313.0,Basic
204314.0,Deluxe
204315.0,Standard
204316.0,Deluxe
204317.0,Standard
204318.0,Basic
204320.0,Basic
204321.0,Basic
204322.0,Deluxe
204323.0,Basic
204324.0,Deluxe
204325.0,Standard
204326.0,Basic
204327.0,Basic
204330.0,Basic
204331.0,King
204332.0,Basic
204333.0,Basic
204334.0,Deluxe
204337.0,Deluxe
204338.0,Deluxe
204339.0,Standard
204340.0,Basic
204341.0,Super Deluxe
204342.0,Deluxe
204343.0,King
204344.0,Basic
204345.0,Basic
204346.0,Basic
204347.0,Deluxe
204348.0,Basic
204351.0,Basic
204352.0,Deluxe
204355.0,Deluxe
204356.0,Standard
204358.0,Basic
204359.0,Standard
204360.0,Deluxe
204361.0,Basic
204362.0,Standard
204363.0,Basic
204364.0,Deluxe
204365.0,Deluxe
204366.0,Deluxe
204368.0,Basic
204369.0,Standard
204370.0,Basic
204372.0,Deluxe
204373.0,Basic
204374.0,Basic
204375.0,Basic
204376.0,Basic
204378.0,Basic
204379.0,Deluxe
204380.0,Deluxe
204381.0,Standard
204382.0,Basic
204384.0,Deluxe
204385.0,Deluxe
204386.0,Basic
204387.0,Standard
204388.0,Basic
204389.0,Basic
204390.0,Basic
204391.0,Deluxe
204392.0,Basic
204395.0,Basic
204397.0,Basic
204398.0,Basic
204399.0,Basic
204400.0,Standard
204401.0,Basic
204402.0,Basic
204403.0,Standard
204404.0,Basic
204405.0,Basic
204406.0,Standard
204407.0,Basic
204408.0,Basic
204410.0,Basic
204411.0,King
204412.0,Standard
204413.0,Deluxe
204414.0,Deluxe
204415.0,Basic
204416.0,Deluxe
204417.0,Basic
204419.0,Standard
204420.0,Standard
204421.0,Basic
204422.0,Basic
204423.0,Deluxe
204424.0,Super Deluxe
204425.0,Basic
204426.0,Basic
204429.0,Basic
204430.0,Basic
204431.0,Basic
204432.0,Basic
204433.0,Basic
204434.0,Basic
204435.0,Basic
204436.0,Basic
204437.0,Deluxe
204438.0,Basic
204440.0,Basic
204441.0,Basic
204443.0,Deluxe
204444.0,Basic
204445.0,Deluxe
204446.0,Basic
204447.0,Super Deluxe
204448.0,Standard
204449.0,Deluxe
204450.0,Super Deluxe
204451.0,Basic
204452.0,Deluxe
204453.0,Basic
204455.0,Deluxe
204456.0,Standard
204457.0,Basic
204458.0,Basic
204459.0,Deluxe
204460.0,Basic
204462.0,Deluxe
204463.0,Basic
204464.0,Basic
204465.0,Deluxe
204466.0,Deluxe
204467.0,Basic
204468.0,Deluxe
204469.0,Basic
204470.0,Basic
204471.0,Basic
204472.0,Deluxe
204473.0,Basic
204474.0,Basic
204475.0,King
204477.0,Basic
204478.0,Basic
204479.0,Basic
204481.0,Standard
204483.0,Deluxe
204484.0,Deluxe
204485.0,Basic
204486.0,Basic
204488.0,Basic
204489.0,Super Deluxe
204490.0,Deluxe
204491.0,Basic
204492.0,Basic
204493.0,Deluxe
204494.0,Basic
204495.0,Basic
204496.0,Basic
204497.0,Basic
204498.0,Standard
204500.0,Basic
204501.0,Basic
204502.0,King
204504.0,Super Deluxe
204506.0,King
204507.0,Basic
204508.0,Basic
204510.0,Basic
204511.0,Basic
204513.0,Deluxe
204514.0,Deluxe
204515.0,Basic
204516.0,Deluxe
204517.0,Standard
204518.0,Basic
204519.0,Standard
204520.0,Basic
204523.0,Standard
204524.0,Deluxe
204525.0,Standard
204526.0,Basic
204527.0,Basic
204529.0,Basic
204530.0,Standard
204531.0,Basic
204532.0,Basic
204533.0,Basic
204534.0,Basic
204535.0,Deluxe
204536.0,Deluxe
204537.0,Basic
204538.0,Deluxe
204539.0,Deluxe
204540.0,Basic
204541.0,Basic
204542.0,Basic
204543.0,Deluxe
204544.0,Basic
204545.0,Basic
204546.0,Basic
204547.0,Deluxe
204548.0,Standard
204549.0,Deluxe
204551.0,Basic
204552.0,Basic
204553.0,Basic
204554.0,Basic
204555.0,Basic
204556.0,Basic
204557.0,Deluxe
204558.0,Basic
204560.0,Super Deluxe
204561.0,Standard
204562.0,Basic
204563.0,Basic
204564.0,Basic
204565.0,Deluxe
204566.0,Deluxe
204567.0,King
204568.0,Basic
204569.0,Basic
204571.0,Basic
204572.0,Basic
204573.0,Basic
204575.0,Basic
204578.0,Basic
204579.0,Basic
204582.0,Basic
204584.0,Basic
204585.0,Basic
204586.0,Deluxe
204587.0,Basic
204588.0,Deluxe
204589.0,Basic
204590.0,Basic
204591.0,Deluxe
204592.0,Basic
204593.0,Basic
204594.0,Deluxe
204595.0,Basic
204596.0,Basic
204598.0,Deluxe
204599.0,Basic
204600.0,Basic
204601.0,Basic
204604.0,Basic
204605.0,Basic
204606.0,Deluxe
204608.0,Basic
204610.0,Deluxe
204611.0,Basic
204612.0,Basic
204613.0,Standard
204615.0,Deluxe
204616.0,Deluxe
204617.0,Super Deluxe
204618.0,Basic
204619.0,Deluxe
204621.0,Basic
204622.0,Basic
204624.0,Standard
204626.0,Basic
204627.0,Deluxe
204628.0,Standard
204629.0,Basic
204630.0,King
204631.0,Basic
204632.0,Basic
204633.0,Basic
204635.0,Deluxe
204636.0,Basic
204637.0,Standard
204638.0,Basic
204640.0,Basic
204641.0,Basic
204642.0,Deluxe
204643.0,Deluxe
204644.0,Deluxe
204647.0,Basic
204648.0,Basic
204649.0,Basic
204650.0,Super Deluxe
204651.0,Basic
204652.0,Deluxe
204653.0,Deluxe
204654.0,Basic
204655.0,Standard
204656.0,Deluxe
204657.0,Deluxe
204659.0,Deluxe
204660.0,King
204661.0,Deluxe
204664.0,Super Deluxe
204665.0,Basic
204667.0,Deluxe
204668.0,Basic
204669.0,Standard
204670.0,Basic
204671.0,Basic
204672.0,Basic
204673.0,Basic
204674.0,Basic
204677.0,Deluxe
204678.0,Basic
204679.0,Basic
204680.0,Standard
204681.0,Basic
204682.0,Deluxe
204683.0,Basic
204684.0,King
204685.0,Standard
204686.0,Basic
204687.0,Basic
204688.0,Standard
204689.0,Deluxe
204692.0,Deluxe
204695.0,Basic
204696.0,Deluxe
204697.0,Basic
204698.0,Basic
204699.0,Deluxe
204700.0,Basic
204701.0,Deluxe
204702.0,Deluxe
204704.0,Deluxe
204707.0,Basic
204708.0,Deluxe
204709.0,Standard
204713.0,Standard
204716.0,Basic
204717.0,Basic
204718.0,Basic
204719.0,Basic
204720.0,Basic
204721.0,Deluxe
204722.0,Basic
204723.0,Deluxe
204724.0,Basic
204725.0,Basic
204726.0,Deluxe
204728.0,Standard
204729.0,Basic
204730.0,Standard
204731.0,Basic
204732.0,Basic
204733.0,Basic
204734.0,Deluxe
204735.0,Deluxe
204736.0,Basic
204737.0,Basic
204738.0,Basic
204739.0,Deluxe
204740.0,Basic
204741.0,Basic
204744.0,Basic
204746.0,Deluxe
204747.0,Deluxe
204748.0,Basic
204749.0,Basic
204751.0,Standard
204753.0,Basic
204754.0,Basic
204755.0,Basic
204757.0,Standard
204758.0,Basic
204759.0,Basic
204760.0,Basic
204761.0,Basic
204762.0,Basic
204764.0,Basic
204765.0,Standard
204766.0,Basic
204767.0,Basic
204768.0,Basic
204769.0,Basic
204770.0,Basic
204772.0,Standard
204773.0,Basic
204775.0,Deluxe
204776.0,Basic
204777.0,Basic
204779.0,Basic
204780.0,Basic
204781.0,Basic
204782.0,Basic
204783.0,Standard
204784.0,Deluxe
204786.0,Basic
204787.0,Basic
204788.0,Basic
204789.0,Basic
204790.0,Basic
204791.0,Deluxe
204792.0,Basic
204793.0,Basic
204794.0,Basic
204795.0,Deluxe
204796.0,Basic
204797.0,Basic
204798.0,Standard
204799.0,Basic
204800.0,Basic
204801.0,Standard
204802.0,Basic
204803.0,Basic
204804.0,Standard
204805.0,Basic
204807.0,Basic
204808.0,Basic
204809.0,Basic
204810.0,Basic
204811.0,Basic
204812.0,Standard
204813.0,Basic
204814.0,Basic
